AlarmName	NodeId	Severity	PlcSymbolPath	Description
TLS_M3_MAL_Alarm_000	ns=2;s=TLS_M3_MAL_Alarm[0]	Medium	GVL.TLS_M3_MAL_Alarm[0]	Alarm 000
TLS_M3_MAL_Alarm_001	ns=2;s=TLS_M3_MAL_Alarm[1]	High	GVL.TLS_M3_MAL_Alarm[1]	GR05-01 Overload, SM power supply
TLS_M3_MAL_Alarm_002	ns=2;s=TLS_M3_MAL_Alarm[2]	High	GVL.TLS_M3_MAL_Alarm[2]	GR05 circuit breaker, single-phase power supply transformer
TLS_M3_MAL_Alarm_003	ns=2;s=TLS_M3_MAL_Alarm[3]	High	GVL.TLS_M3_MAL_Alarm[3]	GR20-D1 Grid voltage, external mains power supply, SM
TLS_M3_MAL_Alarm_004	ns=2;s=TLS_M3_MAL_Alarm[4]	High	GVL.TLS_M3_MAL_Alarm[4]	GR05-D1 Grid voltage, cabinet mains power supply
TLS_M3_MAL_Alarm_005	ns=2;s=TLS_M3_MAL_Alarm[5]	Medium	GVL.TLS_M3_MAL_Alarm[5]	GR06-01 ALARM, Notice board power supply
TLS_M3_MAL_Alarm_006	ns=2;s=TLS_M3_MAL_Alarm[6]	Medium	GVL.TLS_M3_MAL_Alarm[6]	GR44-01 Overload, internal board power supply
TLS_M3_MAL_Alarm_007	ns=2;s=TLS_M3_MAL_Alarm[7]	Medium	GVL.TLS_M3_MAL_Alarm[7]	Alarm 007
TLS_M3_MAL_Alarm_008	ns=2;s=TLS_M3_MAL_Alarm[8]	Medium	GVL.TLS_M3_MAL_Alarm[8]	Alarm 008
TLS_M3_MAL_Alarm_009	ns=2;s=TLS_M3_MAL_Alarm[9]	Medium	GVL.TLS_M3_MAL_Alarm[9]	Alarm 009
TLS_M3_MAL_Alarm_010	ns=2;s=TLS_M3_MAL_Alarm[10]	Medium	GVL.TLS_M3_MAL_Alarm[10]	GR05-06 Overload, M6 lifting fan to recycled water box
TLS_M3_MAL_Alarm_011	ns=2;s=TLS_M3_MAL_Alarm[11]	Medium	GVL.TLS_M3_MAL_Alarm[11]	GR05-07 Overload, M8 Recycle pump - collapsed or battery
TLS_M3_MAL_Alarm_012	ns=2;s=TLS_M3_MAL_Alarm[12]	Medium	GVL.TLS_M3_MAL_Alarm[12]	GR05-08 Overload, M8 recycled water supply pump
TLS_M3_MAL_Alarm_013	ns=2;s=TLS_M3_MAL_Alarm[13]	Medium	GVL.TLS_M3_MAL_Alarm[13]	Alarm 013
TLS_M3_MAL_Alarm_014	ns=2;s=TLS_M3_MAL_Alarm[14]	Medium	GVL.TLS_M3_MAL_Alarm[14]	GR05-04 Overload FM8 D1 M4P
TLS_M3_MAL_Alarm_015	ns=2;s=TLS_M3_MAL_Alarm[15]	Medium	GVL.TLS_M3_MAL_Alarm[15]	Alarm 015
TLS_M3_MAL_Alarm_016	ns=2;s=TLS_M3_MAL_Alarm[16]	Medium	GVL.TLS_M3_MAL_Alarm[16]	Alarm 016
TLS_M3_MAL_Alarm_017	ns=2;s=TLS_M3_MAL_Alarm[17]	Medium	GVL.TLS_M3_MAL_Alarm[17]	Alarm 017
TLS_M3_MAL_Alarm_018	ns=2;s=TLS_M3_MAL_Alarm[18]	Medium	GVL.TLS_M3_MAL_Alarm[18]	Alarm 018
TLS_M3_MAL_Alarm_019	ns=2;s=TLS_M3_MAL_Alarm[19]	Medium	GVL.TLS_M3_MAL_Alarm[19]	Alarm 019
TLS_M3_MAL_Alarm_020	ns=2;s=TLS_M3_MAL_Alarm[20]	Medium	GVL.TLS_M3_MAL_Alarm[20]	Alarm 020
TLS_M3_MAL_Alarm_021	ns=2;s=TLS_M3_MAL_Alarm[21]	Medium	GVL.TLS_M3_MAL_Alarm[21]	Alarm, Water, EV106 de-mineralized water to motors
TLS_M3_MAL_Alarm_022	ns=2;s=TLS_M3_MAL_Alarm[22]	Medium	GVL.TLS_M3_MAL_Alarm[22]	Alarm 022
TLS_M3_MAL_Alarm_023	ns=2;s=TLS_M3_MAL_Alarm[23]	Medium	GVL.TLS_M3_MAL_Alarm[23]	Alarm 023
TLS_M3_MAL_Alarm_024	ns=2;s=TLS_M3_MAL_Alarm[24]	Medium	GVL.TLS_M3_MAL_Alarm[24]	Alarm 024
TLS_M3_MAL_Alarm_025	ns=2;s=TLS_M3_MAL_Alarm[25]	Medium	GVL.TLS_M3_MAL_Alarm[25]	Alarm 025
TLS_M3_MAL_Alarm_026	ns=2;s=TLS_M3_MAL_Alarm[26]	Medium	GVL.TLS_M3_MAL_Alarm[26]	ALARM, Demineralizing system, filter
TLS_M3_MAL_Alarm_027	ns=2;s=TLS_M3_MAL_Alarm[27]	Medium	GVL.TLS_M3_MAL_Alarm[27]	Alarm 027
TLS_M3_MAL_Alarm_028	ns=2;s=TLS_M3_MAL_Alarm[28]	Medium	GVL.TLS_M3_MAL_Alarm[28]	ALARM, Recycling generic, SL30
TLS_M3_MAL_Alarm_029	ns=2;s=TLS_M3_MAL_Alarm[29]	Medium	GVL.TLS_M3_MAL_Alarm[29]	Alarm 029
TLS_M3_MAL_Alarm_030	ns=2;s=TLS_M3_MAL_Alarm[30]	Medium	GVL.TLS_M3_MAL_Alarm[30]	Alarm 030
TLS_M3_MAL_Alarm_031	ns=2;s=TLS_M3_MAL_Alarm[31]	Medium	GVL.TLS_M3_MAL_Alarm[31]	MAINTENANCE: vehicle in Maintenance mode
TLS_M3_MAL_Alarm_032	ns=2;s=TLS_M3_MAL_Alarm[32]	Medium	GVL.TLS_M3_MAL_Alarm[32]	Alarm 032
TLS_M3_MAL_Alarm_033	ns=2;s=TLS_M3_MAL_Alarm[33]	Medium	GVL.TLS_M3_MAL_Alarm[33]	ALARM, No air pressure in main circuit
TLS_M3_MAL_Alarm_034	ns=2;s=TLS_M3_MAL_Alarm[34]	Medium	GVL.TLS_M3_MAL_Alarm[34]	Alarm 034
TLS_M3_MAL_Alarm_035	ns=2;s=TLS_M3_MAL_Alarm[35]	Medium	GVL.TLS_M3_MAL_Alarm[35]	ALARM, Filter(s)
TLS_M3_MAL_Alarm_036	ns=2;s=TLS_M3_MAL_Alarm[36]	Medium	GVL.TLS_M3_MAL_Alarm[36]	Alarm 036
TLS_M3_MAL_Alarm_037	ns=2;s=TLS_M3_MAL_Alarm[37]	Medium	GVL.TLS_M3_MAL_Alarm[37]	Alarm 037
TLS_M3_MAL_Alarm_038	ns=2;s=TLS_M3_MAL_Alarm[38]	High	GVL.TLS_M3_MAL_Alarm[38]	ALARM, EMERGENCY STOP or PANIC
TLS_M3_MAL_Alarm_039	ns=2;s=TLS_M3_MAL_Alarm[39]	Medium	GVL.TLS_M3_MAL_Alarm[39]	ALARM, The battery is disabled due to lack of maintenance
TLS_M3_MAL_Alarm_040	ns=2;s=TLS_M3_MAL_Alarm[40]	Medium	GVL.TLS_M3_MAL_Alarm[40]	Recycling system, UV disabled
TLS_M3_MAL_Alarm_041	ns=2;s=TLS_M3_MAL_Alarm[41]	Medium	GVL.TLS_M3_MAL_Alarm[41]	Alarm 041
TLS_M3_MAL_Alarm_042	ns=2;s=TLS_M3_MAL_Alarm[42]	Medium	GVL.TLS_M3_MAL_Alarm[42]	ALARM, Speed sensor, Unknown disconnected or damaged
TLS_M3_MAL_Alarm_043	ns=2;s=TLS_M3_MAL_Alarm[43]	Medium	GVL.TLS_M3_MAL_Alarm[43]	ALARM, Speed sensor, Unknown damaged or disconnected
TLS_M3_MAL_Alarm_044	ns=2;s=TLS_M3_MAL_Alarm[44]	Medium	GVL.TLS_M3_MAL_Alarm[44]	Alarm 044
TLS_M3_MAL_Alarm_045	ns=2;s=TLS_M3_MAL_Alarm[45]	Medium	GVL.TLS_M3_MAL_Alarm[45]	Alarm 045
TLS_M3_MAL_Alarm_046	ns=2;s=TLS_M3_MAL_Alarm[46]	Medium	GVL.TLS_M3_MAL_Alarm[46]	GR05-01 Overload, TPM vertical brush motor
TLS_M3_MAL_Alarm_047	ns=2;s=TLS_M3_MAL_Alarm[47]	Medium	GVL.TLS_M3_MAL_Alarm[47]	Alarm 047
TLS_M3_MAL_Alarm_048	ns=2;s=TLS_M3_MAL_Alarm[48]	Medium	GVL.TLS_M3_MAL_Alarm[48]	Alarm 048
TLS_M3_MAL_Alarm_049	ns=2;s=TLS_M3_MAL_Alarm[49]	Medium	GVL.TLS_M3_MAL_Alarm[49]	GR05-07 Overload, STR horizontal brush motor
TLS_M3_MAL_Alarm_050	ns=2;s=TLS_M3_MAL_Alarm[50]	Medium	GVL.TLS_M3_MAL_Alarm[50]	Alarm 050
TLS_M3_MAL_Alarm_051	ns=2;s=TLS_M3_MAL_Alarm[51]	Medium	GVL.TLS_M3_MAL_Alarm[51]	Alarm 051
TLS_M3_MAL_Alarm_052	ns=2;s=TLS_M3_MAL_Alarm[52]	Medium	GVL.TLS_M3_MAL_Alarm[52]	GR05-01 Overload, ST1P vertical brush motor
TLS_M3_MAL_Alarm_053	ns=2;s=TLS_M3_MAL_Alarm[53]	Medium	GVL.TLS_M3_MAL_Alarm[53]	Alarm 053
TLS_M3_MAL_Alarm_054	ns=2;s=TLS_M3_MAL_Alarm[54]	Medium	GVL.TLS_M3_MAL_Alarm[54]	Alarm 054
TLS_M3_MAL_Alarm_055	ns=2;s=TLS_M3_MAL_Alarm[55]	Medium	GVL.TLS_M3_MAL_Alarm[55]	GR05-06 Overload, STR horizontal brush motor
TLS_M3_MAL_Alarm_056	ns=2;s=TLS_M3_MAL_Alarm[56]	Medium	GVL.TLS_M3_MAL_Alarm[56]	Alarm 056
TLS_M3_MAL_Alarm_057	ns=2;s=TLS_M3_MAL_Alarm[57]	Medium	GVL.TLS_M3_MAL_Alarm[57]	Alarm 057
TLS_M3_MAL_Alarm_058	ns=2;s=TLS_M3_MAL_Alarm[58]	Medium	GVL.TLS_M3_MAL_Alarm[58]	GR05-40 Overload, ATM horizontal brush motor
TLS_M3_MAL_Alarm_059	ns=2;s=TLS_M3_MAL_Alarm[59]	Medium	GVL.TLS_M3_MAL_Alarm[59]	Alarm 059
TLS_M3_MAL_Alarm_060	ns=2;s=TLS_M3_MAL_Alarm[60]	Medium	GVL.TLS_M3_MAL_Alarm[60]	Alarm 060
TLS_M3_MAL_Alarm_061	ns=2;s=TLS_M3_MAL_Alarm[61]	Medium	GVL.TLS_M3_MAL_Alarm[61]	GR05-46 Overload, STR8 Roof brush motor
TLS_M3_MAL_Alarm_062	ns=2;s=TLS_M3_MAL_Alarm[62]	Medium	GVL.TLS_M3_MAL_Alarm[62]	Alarm 062
TLS_M3_MAL_Alarm_063	ns=2;s=TLS_M3_MAL_Alarm[63]	Medium	GVL.TLS_M3_MAL_Alarm[63]	Alarm 063
TLS_M3_MAL_Alarm_064	ns=2;s=TLS_M3_MAL_Alarm[64]	Medium	GVL.TLS_M3_MAL_Alarm[64]	GR05-46 Overload, STR Movable brush motor
TLS_M3_MAL_Alarm_065	ns=2;s=TLS_M3_MAL_Alarm[65]	Medium	GVL.TLS_M3_MAL_Alarm[65]	Alarm 065
TLS_M3_MAL_Alarm_066	ns=2;s=TLS_M3_MAL_Alarm[66]	Medium	GVL.TLS_M3_MAL_Alarm[66]	Alarm 066
TLS_M3_MAL_Alarm_067	ns=2;s=TLS_M3_MAL_Alarm[67]	Medium	GVL.TLS_M3_MAL_Alarm[67]	Alarm 067
TLS_M3_MAL_Alarm_068	ns=2;s=TLS_M3_MAL_Alarm[68]	Medium	GVL.TLS_M3_MAL_Alarm[68]	Alarm 068
TLS_M3_MAL_Alarm_069	ns=2;s=TLS_M3_MAL_Alarm[69]	Medium	GVL.TLS_M3_MAL_Alarm[69]	ALARM, door or profile latch
TLS_M3_MAL_Alarm_070	ns=2;s=TLS_M3_MAL_Alarm[70]	Medium	GVL.TLS_M3_MAL_Alarm[70]	Alarm 070
TLS_M3_MAL_Alarm_071	ns=2;s=TLS_M3_MAL_Alarm[71]	Medium	GVL.TLS_M3_MAL_Alarm[71]	Alarm 071
TLS_M3_MAL_Alarm_072	ns=2;s=TLS_M3_MAL_Alarm[72]	Medium	GVL.TLS_M3_MAL_Alarm[72]	Alarm 072
TLS_M3_MAL_Alarm_073	ns=2;s=TLS_M3_MAL_Alarm[73]	Medium	GVL.TLS_M3_MAL_Alarm[73]	Alarm 073
TLS_M3_MAL_Alarm_074	ns=2;s=TLS_M3_MAL_Alarm[74]	Medium	GVL.TLS_M3_MAL_Alarm[74]	ALARM, Riser not found
TLS_M3_MAL_Alarm_075	ns=2;s=TLS_M3_MAL_Alarm[75]	Medium	GVL.TLS_M3_MAL_Alarm[75]	ALARM, Configuration conflict: set type of washing without thermal/new horizontal brush
TLS_M3_MAL_Alarm_076	ns=2;s=TLS_M3_MAL_Alarm[76]	Medium	GVL.TLS_M3_MAL_Alarm[76]	Alarm 076
TLS_M3_MAL_Alarm_077	ns=2;s=TLS_M3_MAL_Alarm[77]	Medium	GVL.TLS_M3_MAL_Alarm[77]	Alarm 077
TLS_M3_MAL_Alarm_078	ns=2;s=TLS_M3_MAL_Alarm[78]	Medium	GVL.TLS_M3_MAL_Alarm[78]	Alarm 078
TLS_M3_MAL_Alarm_079	ns=2;s=TLS_M3_MAL_Alarm[79]	Medium	GVL.TLS_M3_MAL_Alarm[79]	Alarm 079
TLS_M3_MAL_Alarm_080	ns=2;s=TLS_M3_MAL_Alarm[80]	Medium	GVL.TLS_M3_MAL_Alarm[80]	Alarm 080
TLS_M3_MAL_Alarm_081	ns=2;s=TLS_M3_MAL_Alarm[81]	Medium	GVL.TLS_M3_MAL_Alarm[81]	Alarm 081
TLS_M3_MAL_Alarm_082	ns=2;s=TLS_M3_MAL_Alarm[82]	Medium	GVL.TLS_M3_MAL_Alarm[82]	Alarm 082
TLS_M3_MAL_Alarm_083	ns=2;s=TLS_M3_MAL_Alarm[83]	Medium	GVL.TLS_M3_MAL_Alarm[83]	Alarm 083
TLS_M3_MAL_Alarm_084	ns=2;s=TLS_M3_MAL_Alarm[84]	Medium	GVL.TLS_M3_MAL_Alarm[84]	Alarm 084
TLS_M3_MAL_Alarm_085	ns=2;s=TLS_M3_MAL_Alarm[85]	Medium	GVL.TLS_M3_MAL_Alarm[85]	Alarm 085
TLS_M3_MAL_Alarm_086	ns=2;s=TLS_M3_MAL_Alarm[86]	Medium	GVL.TLS_M3_MAL_Alarm[86]	Alarm 086
TLS_M3_MAL_Alarm_087	ns=2;s=TLS_M3_MAL_Alarm[87]	Medium	GVL.TLS_M3_MAL_Alarm[87]	Alarm 087
TLS_M3_MAL_Alarm_088	ns=2;s=TLS_M3_MAL_Alarm[88]	Medium	GVL.TLS_M3_MAL_Alarm[88]	Alarm 088
TLS_M3_MAL_Alarm_089	ns=2;s=TLS_M3_MAL_Alarm[89]	Medium	GVL.TLS_M3_MAL_Alarm[89]	Alarm 089
TLS_M3_MAL_Alarm_090	ns=2;s=TLS_M3_MAL_Alarm[90]	Medium	GVL.TLS_M3_MAL_Alarm[90]	Alarm 090
TLS_M3_MAL_Alarm_091	ns=2;s=TLS_M3_MAL_Alarm[91]	Medium	GVL.TLS_M3_MAL_Alarm[91]	Alarm 091
TLS_M3_MAL_Alarm_092	ns=2;s=TLS_M3_MAL_Alarm[92]	Medium	GVL.TLS_M3_MAL_Alarm[92]	Alarm 092
TLS_M3_MAL_Alarm_093	ns=2;s=TLS_M3_MAL_Alarm[93]	Medium	GVL.TLS_M3_MAL_Alarm[93]	Alarm 093
TLS_M3_MAL_Alarm_094	ns=2;s=TLS_M3_MAL_Alarm[94]	Medium	GVL.TLS_M3_MAL_Alarm[94]	Alarm 094
TLS_M3_MAL_Alarm_095	ns=2;s=TLS_M3_MAL_Alarm[95]	Medium	GVL.TLS_M3_MAL_Alarm[95]	Alarm 095
TLS_M3_MAL_Alarm_096	ns=2;s=TLS_M3_MAL_Alarm[96]	Medium	GVL.TLS_M3_MAL_Alarm[96]	Alarm 096
TLS_M3_MAL_Alarm_097	ns=2;s=TLS_M3_MAL_Alarm[97]	Medium	GVL.TLS_M3_MAL_Alarm[97]	Alarm 097
TLS_M3_MAL_Alarm_098	ns=2;s=TLS_M3_MAL_Alarm[98]	Medium	GVL.TLS_M3_MAL_Alarm[98]	Alarm 098
TLS_M3_MAL_Alarm_099	ns=2;s=TLS_M3_MAL_Alarm[99]	Medium	GVL.TLS_M3_MAL_Alarm[99]	Alarm 099
TLS_M3_MAL_Alarm_100	ns=2;s=TLS_M3_MAL_Alarm[100]	Medium	GVL.TLS_M3_MAL_Alarm[100]	ALARM, Right trolley, Alarm horizontal brush tube T100-48
TLS_M3_MAL_Alarm_101	ns=2;s=TLS_M3_MAL_Alarm[101]	Medium	GVL.TLS_M3_MAL_Alarm[101]	ALARM, Right trolley, Vibrate on carr STL
TLS_M3_MAL_Alarm_102	ns=2;s=TLS_M3_MAL_Alarm[102]	Medium	GVL.TLS_M3_MAL_Alarm[102]	ALARM, Right trolley, OBSTACLE(S) on GRIN 01
TLS_M3_MAL_Alarm_103	ns=2;s=TLS_M3_MAL_Alarm[103]	Medium	GVL.TLS_M3_MAL_Alarm[103]	ALARM, Right trolley, OBSTACLE(S) on GRIN 02
TLS_M3_MAL_Alarm_104	ns=2;s=TLS_M3_MAL_Alarm[104]	Medium	GVL.TLS_M3_MAL_Alarm[104]	ALARM, Right trolley, Minimal bay upstream activated
TLS_M3_MAL_Alarm_105	ns=2;s=TLS_M3_MAL_Alarm[105]	Medium	GVL.TLS_M3_MAL_Alarm[105]	ALARM, Right trolley, Horizontal brush not in home position
TLS_M3_MAL_Alarm_106	ns=2;s=TLS_M3_MAL_Alarm[106]	Medium	GVL.TLS_M3_MAL_Alarm[106]	ALARM, Right trolley, Brushes position board faulty
TLS_M3_MAL_Alarm_107	ns=2;s=TLS_M3_MAL_Alarm[107]	Medium	GVL.TLS_M3_MAL_Alarm[107]	ALARM, Right trolley, Brush problems
TLS_M3_MAL_Alarm_108	ns=2;s=TLS_M3_MAL_Alarm[108]	Medium	GVL.TLS_M3_MAL_Alarm[108]	Alarm 108
TLS_M3_MAL_Alarm_109	ns=2;s=TLS_M3_MAL_Alarm[109]	Medium	GVL.TLS_M3_MAL_Alarm[109]	Alarm 109
TLS_M3_MAL_Alarm_110	ns=2;s=TLS_M3_MAL_Alarm[110]	Medium	GVL.TLS_M3_MAL_Alarm[110]	Alarm 110
TLS_M3_MAL_Alarm_111	ns=2;s=TLS_M3_MAL_Alarm[111]	Medium	GVL.TLS_M3_MAL_Alarm[111]	Alarm 111
TLS_M3_MAL_Alarm_112	ns=2;s=TLS_M3_MAL_Alarm[112]	Medium	GVL.TLS_M3_MAL_Alarm[112]	Alarm 112
TLS_M3_MAL_Alarm_113	ns=2;s=TLS_M3_MAL_Alarm[113]	Medium	GVL.TLS_M3_MAL_Alarm[113]	Alarm 113
TLS_M3_MAL_Alarm_114	ns=2;s=TLS_M3_MAL_Alarm[114]	Medium	GVL.TLS_M3_MAL_Alarm[114]	Alarm 114
TLS_M3_MAL_Alarm_115	ns=2;s=TLS_M3_MAL_Alarm[115]	Medium	GVL.TLS_M3_MAL_Alarm[115]	Alarm 115
TLS_M3_MAL_Alarm_116	ns=2;s=TLS_M3_MAL_Alarm[116]	Medium	GVL.TLS_M3_MAL_Alarm[116]	Alarm 116
TLS_M3_MAL_Alarm_117	ns=2;s=TLS_M3_MAL_Alarm[117]	Medium	GVL.TLS_M3_MAL_Alarm[117]	Alarm 117
TLS_M3_MAL_Alarm_118	ns=2;s=TLS_M3_MAL_Alarm[118]	Medium	GVL.TLS_M3_MAL_Alarm[118]	Alarm 118
TLS_M3_MAL_Alarm_119	ns=2;s=TLS_M3_MAL_Alarm[119]	Medium	GVL.TLS_M3_MAL_Alarm[119]	Alarm 119
TLS_M3_MAL_Alarm_120	ns=2;s=TLS_M3_MAL_Alarm[120]	Medium	GVL.TLS_M3_MAL_Alarm[120]	Alarm 120
TLS_M3_MAL_Alarm_121	ns=2;s=TLS_M3_MAL_Alarm[121]	Medium	GVL.TLS_M3_MAL_Alarm[121]	Alarm 121
TLS_M3_MAL_Alarm_122	ns=2;s=TLS_M3_MAL_Alarm[122]	Medium	GVL.TLS_M3_MAL_Alarm[122]	Alarm 122
TLS_M3_MAL_Alarm_123	ns=2;s=TLS_M3_MAL_Alarm[123]	Medium	GVL.TLS_M3_MAL_Alarm[123]	Alarm 123
TLS_M3_MAL_Alarm_124	ns=2;s=TLS_M3_MAL_Alarm[124]	Medium	GVL.TLS_M3_MAL_Alarm[124]	Alarm 124
TLS_M3_MAL_Alarm_125	ns=2;s=TLS_M3_MAL_Alarm[125]	Medium	GVL.TLS_M3_MAL_Alarm[125]	Alarm 125
TLS_M3_MAL_Alarm_126	ns=2;s=TLS_M3_MAL_Alarm[126]	Medium	GVL.TLS_M3_MAL_Alarm[126]	Alarm 126
TLS_M3_MAL_Alarm_127	ns=2;s=TLS_M3_MAL_Alarm[127]	Medium	GVL.TLS_M3_MAL_Alarm[127]	Alarm 127
TLS_M3_MAL_Alarm_128	ns=2;s=TLS_M3_MAL_Alarm[128]	Medium	GVL.TLS_M3_MAL_Alarm[128]	Alarm 128
TLS_M3_MAL_Alarm_129	ns=2;s=TLS_M3_MAL_Alarm[129]	Medium	GVL.TLS_M3_MAL_Alarm[129]	Alarm 129
TLS_M3_MAL_Alarm_130	ns=2;s=TLS_M3_MAL_Alarm[130]	Medium	GVL.TLS_M3_MAL_Alarm[130]	ALARM, Left trolley, Alarm horizontal brush tube T100-48
TLS_M3_MAL_Alarm_131	ns=2;s=TLS_M3_MAL_Alarm[131]	Medium	GVL.TLS_M3_MAL_Alarm[131]	ALARM, Left trolley, Vibrate on carr STL
TLS_M3_MAL_Alarm_132	ns=2;s=TLS_M3_MAL_Alarm[132]	Medium	GVL.TLS_M3_MAL_Alarm[132]	ALARM, Left trolley, OBSTACLE(S) on GRIN 01
TLS_M3_MAL_Alarm_133	ns=2;s=TLS_M3_MAL_Alarm[133]	Medium	GVL.TLS_M3_MAL_Alarm[133]	ALARM, Left trolley, OBSTACLE(S) on GRIN 02
TLS_M3_MAL_Alarm_134	ns=2;s=TLS_M3_MAL_Alarm[134]	Medium	GVL.TLS_M3_MAL_Alarm[134]	ALARM, Left trolley, Minimal bay upstream activated
TLS_M3_MAL_Alarm_135	ns=2;s=TLS_M3_MAL_Alarm[135]	Medium	GVL.TLS_M3_MAL_Alarm[135]	ALARM, Left trolley, Horizontal brush not in home position
TLS_M3_MAL_Alarm_136	ns=2;s=TLS_M3_MAL_Alarm[136]	Medium	GVL.TLS_M3_MAL_Alarm[136]	ALARM, Left trolley, Brushes position board faulty
TLS_M3_MAL_Alarm_137	ns=2;s=TLS_M3_MAL_Alarm[137]	Medium	GVL.TLS_M3_MAL_Alarm[137]	ALARM, Left trolley, Brush problems
TLS_M3_MAL_Alarm_138	ns=2;s=TLS_M3_MAL_Alarm[138]	Medium	GVL.TLS_M3_MAL_Alarm[138]	Alarm 138
TLS_M3_MAL_Alarm_139	ns=2;s=TLS_M3_MAL_Alarm[139]	Medium	GVL.TLS_M3_MAL_Alarm[139]	Alarm 139
TLS_M3_MAL_Alarm_140	ns=2;s=TLS_M3_MAL_Alarm[140]	Medium	GVL.TLS_M3_MAL_Alarm[140]	Alarm 140
TLS_M3_MAL_Alarm_141	ns=2;s=TLS_M3_MAL_Alarm[141]	Medium	GVL.TLS_M3_MAL_Alarm[141]	Alarm 141
TLS_M3_MAL_Alarm_142	ns=2;s=TLS_M3_MAL_Alarm[142]	Medium	GVL.TLS_M3_MAL_Alarm[142]	Alarm 142
TLS_M3_MAL_Alarm_143	ns=2;s=TLS_M3_MAL_Alarm[143]	Medium	GVL.TLS_M3_MAL_Alarm[143]	Alarm 143
TLS_M3_MAL_Alarm_144	ns=2;s=TLS_M3_MAL_Alarm[144]	Medium	GVL.TLS_M3_MAL_Alarm[144]	Alarm 144
TLS_M3_MAL_Alarm_145	ns=2;s=TLS_M3_MAL_Alarm[145]	Medium	GVL.TLS_M3_MAL_Alarm[145]	Alarm 145
TLS_M3_MAL_Alarm_146	ns=2;s=TLS_M3_MAL_Alarm[146]	Medium	GVL.TLS_M3_MAL_Alarm[146]	Alarm 146
TLS_M3_MAL_Alarm_147	ns=2;s=TLS_M3_MAL_Alarm[147]	Medium	GVL.TLS_M3_MAL_Alarm[147]	Alarm 147
TLS_M3_MAL_Alarm_148	ns=2;s=TLS_M3_MAL_Alarm[148]	Medium	GVL.TLS_M3_MAL_Alarm[148]	Alarm 148
TLS_M3_MAL_Alarm_149	ns=2;s=TLS_M3_MAL_Alarm[149]	Medium	GVL.TLS_M3_MAL_Alarm[149]	Alarm 149
TLS_M3_MAL_Alarm_150	ns=2;s=TLS_M3_MAL_Alarm[150]	Medium	GVL.TLS_M3_MAL_Alarm[150]	Alarm 150
TLS_M3_MAL_Alarm_151	ns=2;s=TLS_M3_MAL_Alarm[151]	Medium	GVL.TLS_M3_MAL_Alarm[151]	Alarm 151
TLS_M3_MAL_Alarm_152	ns=2;s=TLS_M3_MAL_Alarm[152]	Medium	GVL.TLS_M3_MAL_Alarm[152]	Alarm 152
TLS_M3_MAL_Alarm_153	ns=2;s=TLS_M3_MAL_Alarm[153]	Medium	GVL.TLS_M3_MAL_Alarm[153]	Alarm 153
TLS_M3_MAL_Alarm_154	ns=2;s=TLS_M3_MAL_Alarm[154]	Medium	GVL.TLS_M3_MAL_Alarm[154]	EMERGENCY 1 OUT BUTTON, Main electrical shutoff (MA)
TLS_M3_MAL_Alarm_155	ns=2;s=TLS_M3_MAL_Alarm[155]	Medium	GVL.TLS_M3_MAL_Alarm[155]	EMERGENCY 1 OUT BUTTON, External personnel safety AM
TLS_M3_MAL_Alarm_156	ns=2;s=TLS_M3_MAL_Alarm[156]	Medium	GVL.TLS_M3_MAL_Alarm[156]	Alarm 156
TLS_M3_MAL_Alarm_157	ns=2;s=TLS_M3_MAL_Alarm[157]	Medium	GVL.TLS_M3_MAL_Alarm[157]	Alarm 157
TLS_M3_MAL_Alarm_158	ns=2;s=TLS_M3_MAL_Alarm[158]	Medium	GVL.TLS_M3_MAL_Alarm[158]	Alarm 158
TLS_M3_MAL_Alarm_159	ns=2;s=TLS_M3_MAL_Alarm[159]	Medium	GVL.TLS_M3_MAL_Alarm[159]	Alarm 159
TLS_M3_MAL_Alarm_160	ns=2;s=TLS_M3_MAL_Alarm[160]	Medium	GVL.TLS_M3_MAL_Alarm[160]	Alarm 160
TLS_M3_MAL_Alarm_161	ns=2;s=TLS_M3_MAL_Alarm[161]	Medium	GVL.TLS_M3_MAL_Alarm[161]	DEFOCALCO 1 OUT BUTTON, Right Trolley, Barrel
TLS_M3_MAL_Alarm_162	ns=2;s=TLS_M3_MAL_Alarm[162]	Medium	GVL.TLS_M3_MAL_Alarm[162]	DEFOCALCO 1 OUT BUTTON, Right Trolley, Bumper opposite board side
TLS_M3_MAL_Alarm_163	ns=2;s=TLS_M3_MAL_Alarm[163]	Medium	GVL.TLS_M3_MAL_Alarm[163]	Alarm 163
TLS_M3_MAL_Alarm_164	ns=2;s=TLS_M3_MAL_Alarm[164]	Medium	GVL.TLS_M3_MAL_Alarm[164]	DEFOCALCO 1 OUT BUTTON, Left Trolley, Barrel
TLS_M3_MAL_Alarm_165	ns=2;s=TLS_M3_MAL_Alarm[165]	Medium	GVL.TLS_M3_MAL_Alarm[165]	DEFOCALCO 1 OUT/BUTTON, Left Trolley, Bumper opposite board side
TLS_M3_MAL_Alarm_166	ns=2;s=TLS_M3_MAL_Alarm[166]	Medium	GVL.TLS_M3_MAL_Alarm[166]	Alarm 166
TLS_M3_MAL_Alarm_167	ns=2;s=TLS_M3_MAL_Alarm[167]	Medium	GVL.TLS_M3_MAL_Alarm[167]	ALARM, Limit switch during wash opening (CATCH/HISS or FAIRING)
TLS_M3_MAL_Alarm_168	ns=2;s=TLS_M3_MAL_Alarm[168]	Medium	GVL.TLS_M3_MAL_Alarm[168]	ALARM, Limit switch during wash opening (CATCH/HISS or FAIRING)
TLS_M3_MAL_Alarm_169	ns=2;s=TLS_M3_MAL_Alarm[169]	Medium	GVL.TLS_M3_MAL_Alarm[169]	Alarm 169
TLS_M3_MAL_Alarm_170	ns=2;s=TLS_M3_MAL_Alarm[170]	Medium	GVL.TLS_M3_MAL_Alarm[170]	Alarm 170
TLS_M3_MAL_Alarm_171	ns=2;s=TLS_M3_MAL_Alarm[171]	Medium	GVL.TLS_M3_MAL_Alarm[171]	Alarm 171
TLS_M3_MAL_Alarm_172	ns=2;s=TLS_M3_MAL_Alarm[172]	Medium	GVL.TLS_M3_MAL_Alarm[172]	Alarm 172
TLS_M3_MAL_Alarm_173	ns=2;s=TLS_M3_MAL_Alarm[173]	Medium	GVL.TLS_M3_MAL_Alarm[173]	Alarm 173
TLS_M3_MAL_Alarm_174	ns=2;s=TLS_M3_MAL_Alarm[174]	Medium	GVL.TLS_M3_MAL_Alarm[174]	Alarm 174
TLS_M3_MAL_Alarm_175	ns=2;s=TLS_M3_MAL_Alarm[175]	Medium	GVL.TLS_M3_MAL_Alarm[175]	Alarm 175
TLS_M3_MAL_Alarm_176	ns=2;s=TLS_M3_MAL_Alarm[176]	Medium	GVL.TLS_M3_MAL_Alarm[176]	Alarm 176
TLS_M3_MAL_Alarm_177	ns=2;s=TLS_M3_MAL_Alarm[177]	Medium	GVL.TLS_M3_MAL_Alarm[177]	Alarm 177
TLS_M3_MAL_Alarm_178	ns=2;s=TLS_M3_MAL_Alarm[178]	Medium	GVL.TLS_M3_MAL_Alarm[178]	Alarm 178
TLS_M3_MAL_Alarm_179	ns=2;s=TLS_M3_MAL_Alarm[179]	Medium	GVL.TLS_M3_MAL_Alarm[179]	Alarm 179
TLS_M3_MAL_Alarm_180	ns=2;s=TLS_M3_MAL_Alarm[180]	Medium	GVL.TLS_M3_MAL_Alarm[180]	Alarm 180
TLS_M3_MAL_Alarm_181	ns=2;s=TLS_M3_MAL_Alarm[181]	Medium	GVL.TLS_M3_MAL_Alarm[181]	Alarm 181
TLS_M3_MAL_Alarm_182	ns=2;s=TLS_M3_MAL_Alarm[182]	Medium	GVL.TLS_M3_MAL_Alarm[182]	Alarm 182
TLS_M3_MAL_Alarm_183	ns=2;s=TLS_M3_MAL_Alarm[183]	Medium	GVL.TLS_M3_MAL_Alarm[183]	Alarm 183
TLS_M3_MAL_Alarm_184	ns=2;s=TLS_M3_MAL_Alarm[184]	Medium	GVL.TLS_M3_MAL_Alarm[184]	Alarm 184
TLS_M3_MAL_Alarm_185	ns=2;s=TLS_M3_MAL_Alarm[185]	Medium	GVL.TLS_M3_MAL_Alarm[185]	Alarm 185
TLS_M3_MAL_Alarm_186	ns=2;s=TLS_M3_MAL_Alarm[186]	Medium	GVL.TLS_M3_MAL_Alarm[186]	Alarm 186
TLS_M3_MAL_Alarm_187	ns=2;s=TLS_M3_MAL_Alarm[187]	Medium	GVL.TLS_M3_MAL_Alarm[187]	Alarm 187
TLS_M3_MAL_Alarm_188	ns=2;s=TLS_M3_MAL_Alarm[188]	Medium	GVL.TLS_M3_MAL_Alarm[188]	Alarm 188
TLS_M3_MAL_Alarm_189	ns=2;s=TLS_M3_MAL_Alarm[189]	Medium	GVL.TLS_M3_MAL_Alarm[189]	Alarm 189
TLS_M3_MAL_Alarm_190	ns=2;s=TLS_M3_MAL_Alarm[190]	Medium	GVL.TLS_M3_MAL_Alarm[190]	Alarm 190
TLS_M3_MAL_Alarm_191	ns=2;s=TLS_M3_MAL_Alarm[191]	Medium	GVL.TLS_M3_MAL_Alarm[191]	Alarm 191
TLS_M3_MAL_Alarm_192	ns=2;s=TLS_M3_MAL_Alarm[192]	Medium	GVL.TLS_M3_MAL_Alarm[192]	Alarm 192
TLS_M3_MAL_Alarm_193	ns=2;s=TLS_M3_MAL_Alarm[193]	Medium	GVL.TLS_M3_MAL_Alarm[193]	Alarm 193
TLS_M3_MAL_Alarm_194	ns=2;s=TLS_M3_MAL_Alarm[194]	Medium	GVL.TLS_M3_MAL_Alarm[194]	Alarm 194
TLS_M3_MAL_Alarm_195	ns=2;s=TLS_M3_MAL_Alarm[195]	Medium	GVL.TLS_M3_MAL_Alarm[195]	Alarm 195
TLS_M3_MAL_Alarm_196	ns=2;s=TLS_M3_MAL_Alarm[196]	Medium	GVL.TLS_M3_MAL_Alarm[196]	Alarm 196
TLS_M3_MAL_Alarm_197	ns=2;s=TLS_M3_MAL_Alarm[197]	Medium	GVL.TLS_M3_MAL_Alarm[197]	Alarm 197
TLS_M3_MAL_Alarm_198	ns=2;s=TLS_M3_MAL_Alarm[198]	Medium	GVL.TLS_M3_MAL_Alarm[198]	Alarm 198
TLS_M3_MAL_Alarm_199	ns=2;s=TLS_M3_MAL_Alarm[199]	Medium	GVL.TLS_M3_MAL_Alarm[199]	Alarm 199
TLS_M3_MAL_Alarm_200	ns=2;s=TLS_M3_MAL_Alarm[200]	Medium	GVL.TLS_M3_MAL_Alarm[200]	Alarm 200
TLS_M3_MAL_Alarm_201	ns=2;s=TLS_M3_MAL_Alarm[201]	Medium	GVL.TLS_M3_MAL_Alarm[201]	Alarm 201
TLS_M3_MAL_Alarm_202	ns=2;s=TLS_M3_MAL_Alarm[202]	Medium	GVL.TLS_M3_MAL_Alarm[202]	Alarm 202
TLS_M3_MAL_Alarm_203	ns=2;s=TLS_M3_MAL_Alarm[203]	Medium	GVL.TLS_M3_MAL_Alarm[203]	Alarm 203
TLS_M3_MAL_Alarm_204	ns=2;s=TLS_M3_MAL_Alarm[204]	Medium	GVL.TLS_M3_MAL_Alarm[204]	Alarm 204
TLS_M3_MAL_Alarm_205	ns=2;s=TLS_M3_MAL_Alarm[205]	Medium	GVL.TLS_M3_MAL_Alarm[205]	Alarm 205
TLS_M3_MAL_Alarm_206	ns=2;s=TLS_M3_MAL_Alarm[206]	Medium	GVL.TLS_M3_MAL_Alarm[206]	Alarm 206
TLS_M3_MAL_Alarm_207	ns=2;s=TLS_M3_MAL_Alarm[207]	Medium	GVL.TLS_M3_MAL_Alarm[207]	Alarm 207
TLS_M3_MAL_Alarm_208	ns=2;s=TLS_M3_MAL_Alarm[208]	Medium	GVL.TLS_M3_MAL_Alarm[208]	Alarm 208
TLS_M3_MAL_Alarm_209	ns=2;s=TLS_M3_MAL_Alarm[209]	Medium	GVL.TLS_M3_MAL_Alarm[209]	Alarm 209
TLS_M3_MAL_Alarm_210	ns=2;s=TLS_M3_MAL_Alarm[210]	Medium	GVL.TLS_M3_MAL_Alarm[210]	Alarm 210
TLS_M3_MAL_Alarm_211	ns=2;s=TLS_M3_MAL_Alarm[211]	Medium	GVL.TLS_M3_MAL_Alarm[211]	Alarm 211
TLS_M3_MAL_Alarm_212	ns=2;s=TLS_M3_MAL_Alarm[212]	Medium	GVL.TLS_M3_MAL_Alarm[212]	Alarm 212
TLS_M3_MAL_Alarm_213	ns=2;s=TLS_M3_MAL_Alarm[213]	Medium	GVL.TLS_M3_MAL_Alarm[213]	Alarm 213
TLS_M3_MAL_Alarm_214	ns=2;s=TLS_M3_MAL_Alarm[214]	Medium	GVL.TLS_M3_MAL_Alarm[214]	Alarm 214
TLS_M3_MAL_Alarm_215	ns=2;s=TLS_M3_MAL_Alarm[215]	Medium	GVL.TLS_M3_MAL_Alarm[215]	Alarm 215
TLS_M3_MAL_Alarm_216	ns=2;s=TLS_M3_MAL_Alarm[216]	Medium	GVL.TLS_M3_MAL_Alarm[216]	Alarm 216
TLS_M3_MAL_Alarm_217	ns=2;s=TLS_M3_MAL_Alarm[217]	Medium	GVL.TLS_M3_MAL_Alarm[217]	Alarm 217
TLS_M3_MAL_Alarm_218	ns=2;s=TLS_M3_MAL_Alarm[218]	Medium	GVL.TLS_M3_MAL_Alarm[218]	Alarm 218
TLS_M3_MAL_Alarm_219	ns=2;s=TLS_M3_MAL_Alarm[219]	Medium	GVL.TLS_M3_MAL_Alarm[219]	Alarm 219
TLS_M3_MAL_Alarm_220	ns=2;s=TLS_M3_MAL_Alarm[220]	Medium	GVL.TLS_M3_MAL_Alarm[220]	Alarm 220
TLS_M3_MAL_Alarm_221	ns=2;s=TLS_M3_MAL_Alarm[221]	Medium	GVL.TLS_M3_MAL_Alarm[221]	Alarm 221
TLS_M3_MAL_Alarm_222	ns=2;s=TLS_M3_MAL_Alarm[222]	Medium	GVL.TLS_M3_MAL_Alarm[222]	Alarm 222
TLS_M3_MAL_Alarm_223	ns=2;s=TLS_M3_MAL_Alarm[223]	Medium	GVL.TLS_M3_MAL_Alarm[223]	Alarm 223
TLS_M3_MAL_Alarm_224	ns=2;s=TLS_M3_MAL_Alarm[224]	Medium	GVL.TLS_M3_MAL_Alarm[224]	Alarm 224
TLS_M3_MAL_Alarm_225	ns=2;s=TLS_M3_MAL_Alarm[225]	Medium	GVL.TLS_M3_MAL_Alarm[225]	Alarm 225
TLS_M3_MAL_Alarm_226	ns=2;s=TLS_M3_MAL_Alarm[226]	Medium	GVL.TLS_M3_MAL_Alarm[226]	Alarm 226
TLS_M3_MAL_Alarm_227	ns=2;s=TLS_M3_MAL_Alarm[227]	Medium	GVL.TLS_M3_MAL_Alarm[227]	Alarm 227
TLS_M3_MAL_Alarm_228	ns=2;s=TLS_M3_MAL_Alarm[228]	Medium	GVL.TLS_M3_MAL_Alarm[228]	Alarm 228
TLS_M3_MAL_Alarm_229	ns=2;s=TLS_M3_MAL_Alarm[229]	Medium	GVL.TLS_M3_MAL_Alarm[229]	Alarm 229
TLS_M3_MAL_Alarm_230	ns=2;s=TLS_M3_MAL_Alarm[230]	Medium	GVL.TLS_M3_MAL_Alarm[230]	Alarm 230
TLS_M3_MAL_Alarm_231	ns=2;s=TLS_M3_MAL_Alarm[231]	Medium	GVL.TLS_M3_MAL_Alarm[231]	Alarm 231
TLS_M3_MAL_Alarm_232	ns=2;s=TLS_M3_MAL_Alarm[232]	Medium	GVL.TLS_M3_MAL_Alarm[232]	Alarm 232
TLS_M3_MAL_Alarm_233	ns=2;s=TLS_M3_MAL_Alarm[233]	Medium	GVL.TLS_M3_MAL_Alarm[233]	Alarm 233
TLS_M3_MAL_Alarm_234	ns=2;s=TLS_M3_MAL_Alarm[234]	Medium	GVL.TLS_M3_MAL_Alarm[234]	Alarm 234
TLS_M3_MAL_Alarm_235	ns=2;s=TLS_M3_MAL_Alarm[235]	Medium	GVL.TLS_M3_MAL_Alarm[235]	Alarm 235
TLS_M3_MAL_Alarm_236	ns=2;s=TLS_M3_MAL_Alarm[236]	Medium	GVL.TLS_M3_MAL_Alarm[236]	Alarm 236
TLS_M3_MAL_Alarm_237	ns=2;s=TLS_M3_MAL_Alarm[237]	Medium	GVL.TLS_M3_MAL_Alarm[237]	Alarm 237
TLS_M3_MAL_Alarm_238	ns=2;s=TLS_M3_MAL_Alarm[238]	Medium	GVL.TLS_M3_MAL_Alarm[238]	Alarm 238
TLS_M3_MAL_Alarm_239	ns=2;s=TLS_M3_MAL_Alarm[239]	Medium	GVL.TLS_M3_MAL_Alarm[239]	Alarm 239
TLS_M3_MAL_Alarm_240	ns=2;s=TLS_M3_MAL_Alarm[240]	Medium	GVL.TLS_M3_MAL_Alarm[240]	Alarm 240
TLS_M3_MAL_Alarm_241	ns=2;s=TLS_M3_MAL_Alarm[241]	Medium	GVL.TLS_M3_MAL_Alarm[241]	Alarm 241
TLS_M3_MAL_Alarm_242	ns=2;s=TLS_M3_MAL_Alarm[242]	Medium	GVL.TLS_M3_MAL_Alarm[242]	Alarm 242
TLS_M3_MAL_Alarm_243	ns=2;s=TLS_M3_MAL_Alarm[243]	Medium	GVL.TLS_M3_MAL_Alarm[243]	Alarm 243
TLS_M3_MAL_Alarm_244	ns=2;s=TLS_M3_MAL_Alarm[244]	Medium	GVL.TLS_M3_MAL_Alarm[244]	Alarm 244
TLS_M3_MAL_Alarm_245	ns=2;s=TLS_M3_MAL_Alarm[245]	Medium	GVL.TLS_M3_MAL_Alarm[245]	Alarm 245
TLS_M3_MAL_Alarm_246	ns=2;s=TLS_M3_MAL_Alarm[246]	Medium	GVL.TLS_M3_MAL_Alarm[246]	Alarm 246
TLS_M3_MAL_Alarm_247	ns=2;s=TLS_M3_MAL_Alarm[247]	Medium	GVL.TLS_M3_MAL_Alarm[247]	Alarm 247
TLS_M3_MAL_Alarm_248	ns=2;s=TLS_M3_MAL_Alarm[248]	Medium	GVL.TLS_M3_MAL_Alarm[248]	Alarm 248
TLS_M3_MAL_Alarm_249	ns=2;s=TLS_M3_MAL_Alarm[249]	Medium	GVL.TLS_M3_MAL_Alarm[249]	Alarm 249
TLS_M3_MAL_Alarm_250	ns=2;s=TLS_M3_MAL_Alarm[250]	Medium	GVL.TLS_M3_MAL_Alarm[250]	SFTY full stop
TLS_M3_MAL_Alarm_251	ns=2;s=TLS_M3_MAL_Alarm[251]	Medium	GVL.TLS_M3_MAL_Alarm[251]	Alarm 251
TLS_M3_MAL_Alarm_252	ns=2;s=TLS_M3_MAL_Alarm[252]	Medium	GVL.TLS_M3_MAL_Alarm[252]	Alarm 252
TLS_M3_MAL_Alarm_253	ns=2;s=TLS_M3_MAL_Alarm[253]	Medium	GVL.TLS_M3_MAL_Alarm[253]	Alarm 253
TLS_M3_MAL_Alarm_254	ns=2;s=TLS_M3_MAL_Alarm[254]	Medium	GVL.TLS_M3_MAL_Alarm[254]	Alarm 254
TLS_M3_MAL_Alarm_255	ns=2;s=TLS_M3_MAL_Alarm[255]	Medium	GVL.TLS_M3_MAL_Alarm[255]	Alarm 255
TLS_M3_MAL_Alarm_256	ns=2;s=TLS_M3_MAL_Alarm[256]	Medium	GVL.TLS_M3_MAL_Alarm[256]	Alarm 256
TLS_M3_MAL_Alarm_257	ns=2;s=TLS_M3_MAL_Alarm[257]	Medium	GVL.TLS_M3_MAL_Alarm[257]	Alarm 257
TLS_M3_MAL_Alarm_258	ns=2;s=TLS_M3_MAL_Alarm[258]	Medium	GVL.TLS_M3_MAL_Alarm[258]	Alarm 258
TLS_M3_MAL_Alarm_259	ns=2;s=TLS_M3_MAL_Alarm[259]	Medium	GVL.TLS_M3_MAL_Alarm[259]	Alarm 259
TLS_M3_MAL_Alarm_260	ns=2;s=TLS_M3_MAL_Alarm[260]	Medium	GVL.TLS_M3_MAL_Alarm[260]	Alarm 260
TLS_M3_MAL_Alarm_261	ns=2;s=TLS_M3_MAL_Alarm[261]	Medium	GVL.TLS_M3_MAL_Alarm[261]	Alarm 261
TLS_M3_MAL_Alarm_262	ns=2;s=TLS_M3_MAL_Alarm[262]	Medium	GVL.TLS_M3_MAL_Alarm[262]	Alarm 262
TLS_M3_MAL_Alarm_263	ns=2;s=TLS_M3_MAL_Alarm[263]	Medium	GVL.TLS_M3_MAL_Alarm[263]	Alarm 263
TLS_M3_MAL_Alarm_264	ns=2;s=TLS_M3_MAL_Alarm[264]	Medium	GVL.TLS_M3_MAL_Alarm[264]	Alarm 264
TLS_M3_MAL_Alarm_265	ns=2;s=TLS_M3_MAL_Alarm[265]	Medium	GVL.TLS_M3_MAL_Alarm[265]	Alarm 265
TLS_M3_MAL_Alarm_266	ns=2;s=TLS_M3_MAL_Alarm[266]	Medium	GVL.TLS_M3_MAL_Alarm[266]	Alarm 266
TLS_M3_MAL_Alarm_267	ns=2;s=TLS_M3_MAL_Alarm[267]	Medium	GVL.TLS_M3_MAL_Alarm[267]	Alarm 267
TLS_M3_MAL_Alarm_268	ns=2;s=TLS_M3_MAL_Alarm[268]	Medium	GVL.TLS_M3_MAL_Alarm[268]	Alarm 268
TLS_M3_MAL_Alarm_269	ns=2;s=TLS_M3_MAL_Alarm[269]	Medium	GVL.TLS_M3_MAL_Alarm[269]	Alarm 269
TLS_M3_MAL_Alarm_270	ns=2;s=TLS_M3_MAL_Alarm[270]	Medium	GVL.TLS_M3_MAL_Alarm[270]	Alarm 270
TLS_M3_MAL_Alarm_271	ns=2;s=TLS_M3_MAL_Alarm[271]	Medium	GVL.TLS_M3_MAL_Alarm[271]	Alarm 271
TLS_M3_MAL_Alarm_272	ns=2;s=TLS_M3_MAL_Alarm[272]	Medium	GVL.TLS_M3_MAL_Alarm[272]	Alarm 272
TLS_M3_MAL_Alarm_273	ns=2;s=TLS_M3_MAL_Alarm[273]	Medium	GVL.TLS_M3_MAL_Alarm[273]	Alarm 273
TLS_M3_MAL_Alarm_274	ns=2;s=TLS_M3_MAL_Alarm[274]	Medium	GVL.TLS_M3_MAL_Alarm[274]	Alarm 274
TLS_M3_MAL_Alarm_275	ns=2;s=TLS_M3_MAL_Alarm[275]	Medium	GVL.TLS_M3_MAL_Alarm[275]	Alarm 275
TLS_M3_MAL_Alarm_276	ns=2;s=TLS_M3_MAL_Alarm[276]	Medium	GVL.TLS_M3_MAL_Alarm[276]	Alarm 276
TLS_M3_MAL_Alarm_277	ns=2;s=TLS_M3_MAL_Alarm[277]	Medium	GVL.TLS_M3_MAL_Alarm[277]	Alarm 277
TLS_M3_MAL_Alarm_278	ns=2;s=TLS_M3_MAL_Alarm[278]	Medium	GVL.TLS_M3_MAL_Alarm[278]	Alarm 278
TLS_M3_MAL_Alarm_279	ns=2;s=TLS_M3_MAL_Alarm[279]	Medium	GVL.TLS_M3_MAL_Alarm[279]	Alarm 279
TLS_M3_MAL_Alarm_280	ns=2;s=TLS_M3_MAL_Alarm[280]	Medium	GVL.TLS_M3_MAL_Alarm[280]	Alarm 280
TLS_M3_MAL_Alarm_281	ns=2;s=TLS_M3_MAL_Alarm[281]	Medium	GVL.TLS_M3_MAL_Alarm[281]	Alarm 281
TLS_M3_MAL_Alarm_282	ns=2;s=TLS_M3_MAL_Alarm[282]	Medium	GVL.TLS_M3_MAL_Alarm[282]	Alarm 282
TLS_M3_MAL_Alarm_283	ns=2;s=TLS_M3_MAL_Alarm[283]	Medium	GVL.TLS_M3_MAL_Alarm[283]	Alarm 283
TLS_M3_MAL_Alarm_284	ns=2;s=TLS_M3_MAL_Alarm[284]	Medium	GVL.TLS_M3_MAL_Alarm[284]	Alarm 284
TLS_M3_MAL_Alarm_285	ns=2;s=TLS_M3_MAL_Alarm[285]	Medium	GVL.TLS_M3_MAL_Alarm[285]	Alarm 285
TLS_M3_MAL_Alarm_286	ns=2;s=TLS_M3_MAL_Alarm[286]	Medium	GVL.TLS_M3_MAL_Alarm[286]	Alarm 286
TLS_M3_MAL_Alarm_287	ns=2;s=TLS_M3_MAL_Alarm[287]	Medium	GVL.TLS_M3_MAL_Alarm[287]	Alarm 287
TLS_M3_MAL_Alarm_288	ns=2;s=TLS_M3_MAL_Alarm[288]	Medium	GVL.TLS_M3_MAL_Alarm[288]	Alarm 288
TLS_M3_MAL_Alarm_289	ns=2;s=TLS_M3_MAL_Alarm[289]	Medium	GVL.TLS_M3_MAL_Alarm[289]	Alarm 289
TLS_M3_MAL_Alarm_290	ns=2;s=TLS_M3_MAL_Alarm[290]	Medium	GVL.TLS_M3_MAL_Alarm[290]	Alarm 290
TLS_M3_MAL_Alarm_291	ns=2;s=TLS_M3_MAL_Alarm[291]	Medium	GVL.TLS_M3_MAL_Alarm[291]	Alarm 291
TLS_M3_MAL_Alarm_292	ns=2;s=TLS_M3_MAL_Alarm[292]	Medium	GVL.TLS_M3_MAL_Alarm[292]	Alarm 292
TLS_M3_MAL_Alarm_293	ns=2;s=TLS_M3_MAL_Alarm[293]	Medium	GVL.TLS_M3_MAL_Alarm[293]	Alarm 293
TLS_M3_MAL_Alarm_294	ns=2;s=TLS_M3_MAL_Alarm[294]	Medium	GVL.TLS_M3_MAL_Alarm[294]	Alarm 294
TLS_M3_MAL_Alarm_295	ns=2;s=TLS_M3_MAL_Alarm[295]	Medium	GVL.TLS_M3_MAL_Alarm[295]	Alarm 295
TLS_M3_MAL_Alarm_296	ns=2;s=TLS_M3_MAL_Alarm[296]	Medium	GVL.TLS_M3_MAL_Alarm[296]	Alarm 296
TLS_M3_MAL_Alarm_297	ns=2;s=TLS_M3_MAL_Alarm[297]	Medium	GVL.TLS_M3_MAL_Alarm[297]	Alarm 297
TLS_M3_MAL_Alarm_298	ns=2;s=TLS_M3_MAL_Alarm[298]	Medium	GVL.TLS_M3_MAL_Alarm[298]	Alarm 298
TLS_M3_MAL_Alarm_299	ns=2;s=TLS_M3_MAL_Alarm[299]	Medium	GVL.TLS_M3_MAL_Alarm[299]	Alarm 299
TLS_M3_MAL_Alarm_300	ns=2;s=TLS_M3_MAL_Alarm[300]	Medium	GVL.TLS_M3_MAL_Alarm[300]	Alarm 300
